{
  "nodes": {
    "32": {
      "y_coord": 7.1514568006,
      "x_coord": 47.7026244783,
      "node_id": 32,
      "min_pressure": 3000000,
      "max_pressure": 6000000,
      "min_concentration": 0,
      "max_concentration": 0.1,
      "slack_bool": 0,
      "node_name": "n32"
    },
    "29": {
      "y_coord": 6.40592572072,
      "x_coord": 48.8791502097,
      "node_id": 29,
      "min_pressure": 3000000,
      "max_pressure": 6000000,
      "min_concentration": 0,
      "max_concentration": 0.1,
      "slack_bool": 0,
      "node_name": "n29"
    },
    "1": {
      "y_coord": 8.46216553204,
      "x_coord": 48.6811671875,
      "node_id": 1,
      "min_pressure": 3000000,
      "max_pressure": 6000000,
      "min_concentration": 0,
      "max_concentration": 0.1,
      "slack_bool": 0,
      "node_name": "n1"
    },
    "24": {
      "y_coord": 6.98540104932,
      "x_coord": 48.9965039215,
      "node_id": 24,
      "min_pressure": 3000000,
      "max_pressure": 6000000,
      "min_concentration": 0,
      "max_concentration": 0.1,
      "slack_bool": 0,
      "node_name": "n24"
    },
    "12": {
      "y_coord": 7.44437553119,
      "x_coord": 46.9361991326,
      "node_id": 12,
      "min_pressure": 3000000,
      "max_pressure": 6000000,
      "min_concentration": 0,
      "max_concentration": 0.1,
      "slack_bool": 0,
      "node_name": "n12"
    },
    "20": {
      "y_coord": 6.73248116159,
      "x_coord": 48.459701438,
      "node_id": 20,
      "min_pressure": 3000000,
      "max_pressure": 6000000,
      "min_concentration": 0,
      "max_concentration": 0.1,
      "slack_bool": 0,
      "node_name": "n20"
    },
    "4": {
      "y_coord": 8.94117028284,
      "x_coord": 49.7403095041,
      "node_id": 4,
      "min_pressure": 3000000,
      "max_pressure": 6000000,
      "min_concentration": 0,
      "max_concentration": 0.1,
      "slack_bool": 0,
      "node_name": "n4"
    },
    "2": {
      "y_coord": 8.583339554,
      "x_coord": 49.3334858508,
      "node_id": 2,
      "min_pressure": 3000000,
      "max_pressure": 6000000,
      "min_concentration": 0,
      "max_concentration": 0.1,
      "slack_bool": 0,
      "node_name": "n2"
    },
    "25": {
      "y_coord": 7.37537769742,
      "x_coord": 47.0633496609,
      "node_id": 25,
      "min_pressure": 3000000,
      "max_pressure": 6000000,
      "min_concentration": 0,
      "max_concentration": 0.1,
      "slack_bool": 0,
      "node_name": "n25"
    },
    "6": {
      "y_coord": 7.17535860736,
      "x_coord": 48.4488696592,
      "node_id": 6,
      "min_pressure": 3000000,
      "max_pressure": 6000000,
      "min_concentration": 0,
      "max_concentration": 0.1,
      "slack_bool": 0,
      "node_name": "n6"
    },
    "23": {
      "y_coord": 6.70412987914,
      "x_coord": 47.0460984698,
      "node_id": 23,
      "min_pressure": 3000000,
      "max_pressure": 6000000,
      "min_concentration": 0,
      "max_concentration": 0.1,
      "slack_bool": 0,
      "node_name": "n23"
    },
    "22": {
      "y_coord": 7.39141172381,
      "x_coord": 47.0380264306,
      "node_id": 22,
      "min_pressure": 3000000,
      "max_pressure": 6000000,
      "min_concentration": 0,
      "max_concentration": 0.1,
      "slack_bool": 0,
      "node_name": "n22"
    },
    "11": {
      "y_coord": 8.42123710095,
      "x_coord": 48.6971572817,
      "node_id": 11,
      "min_pressure": 3000000,
      "max_pressure": 6000000,
      "min_concentration": 0,
      "max_concentration": 0.1,
      "slack_bool": 0,
      "node_name": "n11"
    },
    "35": {
      "y_coord": 7.06050754884,
      "x_coord": 47.3369727255,
      "node_id": 35,
      "min_pressure": 3000000,
      "max_pressure": 6000000,
      "min_concentration": 0,
      "max_concentration": 0.1,
      "slack_bool": 0,
      "node_name": "n35"
    },
    "13": {
      "y_coord": 7.44570784066,
      "x_coord": 48.5215554511,
      "node_id": 13,
      "min_pressure": 3000000,
      "max_pressure": 6000000,
      "min_concentration": 0,
      "max_concentration": 0.1,
      "slack_bool": 0,
      "node_name": "n13"
    },
    "27": {
      "y_coord": 6.68272868748,
      "x_coord": 47.7185810751,
      "node_id": 27,
      "min_pressure": 3000000,
      "max_pressure": 6000000,
      "min_concentration": 0,
      "max_concentration": 0.1,
      "slack_bool": 0,
      "node_name": "n27"
    },
    "31": {
      "y_coord": 6.97077467828,
      "x_coord": 48.885442716,
      "node_id": 31,
      "min_pressure": 3000000,
      "max_pressure": 6000000,
      "min_concentration": 0,
      "max_concentration": 0.1,
      "slack_bool": 0,
      "node_name": "n31"
    },
    "5": {
      "y_coord": 8.90117691783,
      "x_coord": 49.7568273333,
      "node_id": 5,
      "min_pressure": 3000000,
      "max_pressure": 6000000,
      "min_concentration": 0,
      "max_concentration": 0.1,
      "slack_bool": 0,
      "node_name": "n5"
    },
    "15": {
      "y_coord": 6.89011537273,
      "x_coord": 48.5065941308,
      "node_id": 15,
      "min_pressure": 3000000,
      "max_pressure": 6000000,
      "min_concentration": 0,
      "max_concentration": 0.1,
      "slack_bool": 0,
      "node_name": "n15"
    },
    "33": {
      "y_coord": 7.16001963256,
      "x_coord": 47.443686524,
      "node_id": 33,
      "min_pressure": 3000000,
      "max_pressure": 6000000,
      "min_concentration": 0,
      "max_concentration": 0.1,
      "slack_bool": 0,
      "node_name": "n33"
    },
    "28": {
      "y_coord": 8.52297468917,
      "x_coord": 49.5990665066,
      "node_id": 28,
      "min_pressure": 3000000,
      "max_pressure": 6000000,
      "min_concentration": 0,
      "max_concentration": 0.1,
      "slack_bool": 0,
      "node_name": "n28"
    },
    "16": {
      "y_coord": 9.43465849075,
      "x_coord": 48.4333749364,
      "node_id": 16,
      "min_pressure": 3000000,
      "max_pressure": 6000000,
      "min_concentration": 0,
      "max_concentration": 0.1,
      "slack_bool": 0,
      "node_name": "n16"
    },
    "14": {
      "y_coord": 7.53102691462,
      "x_coord": 48.5489388283,
      "node_id": 14,
      "min_pressure": 3000000,
      "max_pressure": 6000000,
      "min_concentration": 0,
      "max_concentration": 0.1,
      "slack_bool": 0,
      "node_name": "n14"
    },
    "39": {
      "y_coord": 6.03796563153,
      "x_coord": 48.8195473681,
      "node_id": 39,
      "min_pressure": 3000000,
      "max_pressure": 6000000,
      "min_concentration": 0,
      "max_concentration": 0.1,
      "slack_bool": 0,
      "node_name": "n39"
    },
    "40": {
      "y_coord": 8.97279305602,
      "x_coord": 49.7619017195,
      "node_id": 40,
      "min_pressure": 3000000,
      "max_pressure": 6000000,
      "min_concentration": 0,
      "max_concentration": 0.1,
      "slack_bool": 0,
      "node_name": "n40"
    },
    "38": {
      "y_coord": 6.83756607565,
      "x_coord": 48.9636070987,
      "node_id": 38,
      "min_pressure": 3000000,
      "max_pressure": 6000000,
      "min_concentration": 0,
      "max_concentration": 0.1,
      "slack_bool": 1,
      "node_name": "n38"
    },
    "21": {
      "y_coord": 7.29728251758,
      "x_coord": 47.8567226888,
      "node_id": 21,
      "min_pressure": 3000000,
      "max_pressure": 6000000,
      "min_concentration": 0,
      "max_concentration": 0.1,
      "slack_bool": 0,
      "node_name": "n21"
    },
    "7": {
      "y_coord": 6.07663431277,
      "x_coord": 48.8104610444,
      "node_id": 7,
      "min_pressure": 3000000,
      "max_pressure": 6000000,
      "min_concentration": 0,
      "max_concentration": 0.1,
      "slack_bool": 0,
      "node_name": "n7"
    },
    "34": {
      "y_coord": 7.01216228711,
      "x_coord": 47.3275079104,
      "node_id": 34,
      "min_pressure": 3000000,
      "max_pressure": 6000000,
      "min_concentration": 0,
      "max_concentration": 0.1,
      "slack_bool": 0,
      "node_name": "n34"
    },
    "8": {
      "y_coord": 6.99100680564,
      "x_coord": 48.8570163856,
      "node_id": 8,
      "min_pressure": 3000000,
      "max_pressure": 6000000,
      "min_concentration": 0,
      "max_concentration": 0.1,
      "slack_bool": 0,
      "node_name": "n8"
    },
    "36": {
      "y_coord": 7.33432182486,
      "x_coord": 47.6849157863,
      "node_id": 36,
      "min_pressure": 3000000,
      "max_pressure": 6000000,
      "min_concentration": 0,
      "max_concentration": 0.1,
      "slack_bool": 0,
      "node_name": "n36"
    },
    "26": {
      "y_coord": 7.12595044104,
      "x_coord": 48.4394407366,
      "node_id": 26,
      "min_pressure": 3000000,
      "max_pressure": 6000000,
      "min_concentration": 0,
      "max_concentration": 0.1,
      "slack_bool": 0,
      "node_name": "n26"
    },
    "17": {
      "y_coord": 7.22930308682,
      "x_coord": 47.6232526053,
      "node_id": 17,
      "min_pressure": 3000000,
      "max_pressure": 6000000,
      "min_concentration": 0,
      "max_concentration": 0.1,
      "slack_bool": 0,
      "node_name": "n17"
    },
    "10": {
      "y_coord": 8.22677735937,
      "x_coord": 48.7974633765,
      "node_id": 10,
      "min_pressure": 3000000,
      "max_pressure": 6000000,
      "min_concentration": 0,
      "max_concentration": 0.1,
      "slack_bool": 0,
      "node_name": "n10"
    },
    "19": {
      "y_coord": 8.56821772295,
      "x_coord": 49.3632855469,
      "node_id": 19,
      "min_pressure": 3000000,
      "max_pressure": 6000000,
      "min_concentration": 0,
      "max_concentration": 0.1,
      "slack_bool": 0,
      "node_name": "n19"
    },
    "37": {
      "y_coord": 6.61723223779,
      "x_coord": 47.5761839373,
      "node_id": 37,
      "min_pressure": 3000000,
      "max_pressure": 6000000,
      "min_concentration": 0,
      "max_concentration": 0.1,
      "slack_bool": 0,
      "node_name": "n37"
    },
    "9": {
      "y_coord": 6.55671455828,
      "x_coord": 46.9192512725,
      "node_id": 9,
      "min_pressure": 3000000,
      "max_pressure": 6000000,
      "min_concentration": 0,
      "max_concentration": 0.1,
      "slack_bool": 0,
      "node_name": "n9"
    },
    "18": {
      "y_coord": 6.64669590696,
      "x_coord": 47.488271936,
      "node_id": 18,
      "min_pressure": 3000000,
      "max_pressure": 6000000,
      "min_concentration": 0,
      "max_concentration": 0.1,
      "slack_bool": 0,
      "node_name": "n18"
    },
    "30": {
      "y_coord": 6.48271145481,
      "x_coord": 48.6858521349,
      "node_id": 30,
      "min_pressure": 3000000,
      "max_pressure": 6000000,
      "min_concentration": 0,
      "max_concentration": 0.1,
      "slack_bool": 0,
      "node_name": "n30"
    },
    "3": {
      "y_coord": 8.52259820008,
      "x_coord": 49.3537539296,
      "node_id": 3,
      "min_pressure": 3000000,
      "max_pressure": 6000000,
      "min_concentration": 0,
      "max_concentration": 0.1,
      "slack_bool": 0,
      "node_name": "n3"
    }
  },
  "pipes": {
    "32": {
      "length": 65057.174267899994,
      "friction_factor": 0.0020703759154527684,
      "pipe_name": "p32",
      "pipe_id": 32,
      "min_pressure": 3000000,
      "max_pressure": 6000000,
      "min_concentration": 0,
      "max_concentration": 0.1,
      "to_node": 2,
      "diameter": 0.8,
      "from_node": 10
    },
    "29": {
      "length": 32449.372045300002,
      "friction_factor": 0.0019887845904475896,
      "pipe_name": "p29",
      "pipe_id": 29,
      "min_pressure": 3000000,
      "max_pressure": 6000000,
      "min_concentration": 0,
      "max_concentration": 0.1,
      "to_node": 5,
      "diameter": 1.0,
      "from_node": 28
    },
    "1": {
      "length": 13071.085229699998,
      "friction_factor": 0.0019887845904475896,
      "pipe_name": "p1",
      "pipe_id": 1,
      "min_pressure": 3000000,
      "max_pressure": 6000000,
      "min_concentration": 0,
      "max_concentration": 0.1,
      "to_node": 31,
      "diameter": 1.0,
      "from_node": 38
    },
    "24": {
      "length": 12766.7034136,
      "friction_factor": 0.0019887845904475896,
      "pipe_name": "p24",
      "pipe_id": 24,
      "min_pressure": 3000000,
      "max_pressure": 6000000,
      "min_concentration": 0,
      "max_concentration": 0.1,
      "to_node": 15,
      "diameter": 1.0,
      "from_node": 20
    },
    "12": {
      "length": 76893.5507568,
      "friction_factor": 0.0020703759154527684,
      "pipe_name": "p12",
      "pipe_id": 12,
      "min_pressure": 3000000,
      "max_pressure": 6000000,
      "min_concentration": 0,
      "max_concentration": 0.1,
      "to_node": 16,
      "diameter": 0.8,
      "from_node": 1
    },
    "20": {
      "length": 36061.0098747,
      "friction_factor": 0.0020703759154527684,
      "pipe_name": "p20",
      "pipe_id": 20,
      "min_pressure": 3000000,
      "max_pressure": 6000000,
      "min_concentration": 0,
      "max_concentration": 0.1,
      "to_node": 30,
      "diameter": 0.8,
      "from_node": 15
    },
    "4": {
      "length": 47488.2838523,
      "friction_factor": 0.0020703759154527684,
      "pipe_name": "p4",
      "pipe_id": 4,
      "min_pressure": 3000000,
      "max_pressure": 6000000,
      "min_concentration": 0,
      "max_concentration": 0.1,
      "to_node": 8,
      "diameter": 0.8,
      "from_node": 26
    },
    "2": {
      "length": 20322.205425900003,
      "friction_factor": 0.002183190871781998,
      "pipe_name": "p2",
      "pipe_id": 2,
      "min_pressure": 3000000,
      "max_pressure": 6000000,
      "min_concentration": 0,
      "max_concentration": 0.1,
      "to_node": 21,
      "diameter": 0.6,
      "from_node": 32
    },
    "25": {
      "length": 32921.259815,
      "friction_factor": 0.0020703759154527684,
      "pipe_name": "p25",
      "pipe_id": 25,
      "min_pressure": 3000000,
      "max_pressure": 6000000,
      "min_concentration": 0,
      "max_concentration": 0.1,
      "to_node": 7,
      "diameter": 0.8,
      "from_node": 30
    },
    "6": {
      "length": 39036.0418114,
      "friction_factor": 0.0020703759154527684,
      "pipe_name": "p6",
      "pipe_id": 6,
      "min_pressure": 3000000,
      "max_pressure": 6000000,
      "min_concentration": 0,
      "max_concentration": 0.1,
      "to_node": 23,
      "diameter": 0.8,
      "from_node": 34
    },
    "23": {
      "length": 21557.5661917,
      "friction_factor": 0.0019887845904475896,
      "pipe_name": "p23",
      "pipe_id": 23,
      "min_pressure": 3000000,
      "max_pressure": 6000000,
      "min_concentration": 0,
      "max_concentration": 0.1,
      "to_node": 13,
      "diameter": 1.0,
      "from_node": 6
    },
    "22": {
      "length": 31179.6191038,
      "friction_factor": 0.0020703759154527684,
      "pipe_name": "p22",
      "pipe_id": 22,
      "min_pressure": 3000000,
      "max_pressure": 6000000,
      "min_concentration": 0,
      "max_concentration": 0.1,
      "to_node": 20,
      "diameter": 0.8,
      "from_node": 30
    },
    "11": {
      "length": 14043.1135378,
      "friction_factor": 0.0023585366114688474,
      "pipe_name": "p11",
      "pipe_id": 11,
      "min_pressure": 3000000,
      "max_pressure": 6000000,
      "min_concentration": 0,
      "max_concentration": 0.1,
      "to_node": 33,
      "diameter": 0.4,
      "from_node": 35
    },
    "35": {
      "length": 58218.9695531,
      "friction_factor": 0.0020703759154527684,
      "pipe_name": "p35",
      "pipe_id": 35,
      "min_pressure": 3000000,
      "max_pressure": 6000000,
      "min_concentration": 0,
      "max_concentration": 0.1,
      "to_node": 10,
      "diameter": 0.8,
      "from_node": 14
    },
    "13": {
      "length": 20634.698268800006,
      "friction_factor": 0.002183190871781998,
      "pipe_name": "p13",
      "pipe_id": 13,
      "min_pressure": 3000000,
      "max_pressure": 6000000,
      "min_concentration": 0,
      "max_concentration": 0.1,
      "to_node": 17,
      "diameter": 0.6,
      "from_node": 33
    },
    "27": {
      "length": 3479.45466552,
      "friction_factor": 0.001621776749018228,
      "pipe_name": "p27",
      "pipe_id": 27,
      "min_pressure": 3000000,
      "max_pressure": 6000000,
      "min_concentration": 0,
      "max_concentration": 0.1,
      "to_node": 3,
      "diameter": 0.8,
      "from_node": 19
    },
    "5": {
      "length": 3802.58667705,
      "friction_factor": 0.002183190871781998,
      "pipe_name": "p5",
      "pipe_id": 5,
      "min_pressure": 3000000,
      "max_pressure": 6000000,
      "min_concentration": 0,
      "max_concentration": 0.1,
      "to_node": 35,
      "diameter": 0.6,
      "from_node": 34
    },
    "31": {
      "length": 18136.5972918,
      "friction_factor": 0.0019887845904475896,
      "pipe_name": "p31",
      "pipe_id": 31,
      "min_pressure": 3000000,
      "max_pressure": 6000000,
      "min_concentration": 0,
      "max_concentration": 0.1,
      "to_node": 11,
      "diameter": 1.0,
      "from_node": 10
    },
    "15": {
      "length": 10452.031178000001,
      "friction_factor": 0.002183190871781998,
      "pipe_name": "p15",
      "pipe_id": 15,
      "min_pressure": 3000000,
      "max_pressure": 6000000,
      "min_concentration": 0,
      "max_concentration": 0.1,
      "to_node": 36,
      "diameter": 0.6,
      "from_node": 17
    },
    "33": {
      "length": 65532.2127112,
      "friction_factor": 0.0020703759154527684,
      "pipe_name": "p33",
      "pipe_id": 33,
      "min_pressure": 3000000,
      "max_pressure": 6000000,
      "min_concentration": 0,
      "max_concentration": 0.1,
      "to_node": 3,
      "diameter": 0.8,
      "from_node": 10
    },
    "28": {
      "length": 3418.00825125,
      "friction_factor": 0.0015650165308335974,
      "pipe_name": "p28",
      "pipe_id": 28,
      "min_pressure": 3000000,
      "max_pressure": 6000000,
      "min_concentration": 0,
      "max_concentration": 0.1,
      "to_node": 5,
      "diameter": 1.0,
      "from_node": 4
    },
    "16": {
      "length": 12397.352163599999,
      "friction_factor": 0.0020703759154527684,
      "pipe_name": "p16",
      "pipe_id": 16,
      "min_pressure": 3000000,
      "max_pressure": 6000000,
      "min_concentration": 0,
      "max_concentration": 0.1,
      "to_node": 24,
      "diameter": 0.8,
      "from_node": 31
    },
    "14": {
      "length": 10586.1294733,
      "friction_factor": 0.002183190871781998,
      "pipe_name": "p14",
      "pipe_id": 14,
      "min_pressure": 3000000,
      "max_pressure": 6000000,
      "min_concentration": 0,
      "max_concentration": 0.1,
      "to_node": 32,
      "diameter": 0.6,
      "from_node": 17
    },
    "39": {
      "length": 35218.8390867,
      "friction_factor": 0.002183190871781998,
      "pipe_name": "p39",
      "pipe_id": 39,
      "min_pressure": 3000000,
      "max_pressure": 6000000,
      "min_concentration": 0,
      "max_concentration": 0.1,
      "to_node": 32,
      "diameter": 0.6,
      "from_node": 27
    },
    "21": {
      "length": 22224.1532472,
      "friction_factor": 0.0020703759154527684,
      "pipe_name": "p21",
      "pipe_id": 21,
      "min_pressure": 3000000,
      "max_pressure": 6000000,
      "min_concentration": 0,
      "max_concentration": 0.1,
      "to_node": 29,
      "diameter": 0.8,
      "from_node": 30
    },
    "38": {
      "length": 10022.7829812,
      "friction_factor": 0.002183190871781998,
      "pipe_name": "p38",
      "pipe_id": 38,
      "min_pressure": 3000000,
      "max_pressure": 6000000,
      "min_concentration": 0,
      "max_concentration": 0.1,
      "to_node": 18,
      "diameter": 0.6,
      "from_node": 37
    },
    "7": {
      "length": 38659.824363,
      "friction_factor": 0.0023585366114688474,
      "pipe_name": "p7",
      "pipe_id": 7,
      "min_pressure": 3000000,
      "max_pressure": 6000000,
      "min_concentration": 0,
      "max_concentration": 0.1,
      "to_node": 25,
      "diameter": 0.4,
      "from_node": 35
    },
    "34": {
      "length": 6998.05377872,
      "friction_factor": 0.0019887845904475896,
      "pipe_name": "p34",
      "pipe_id": 34,
      "min_pressure": 3000000,
      "max_pressure": 6000000,
      "min_concentration": 0,
      "max_concentration": 0.1,
      "to_node": 14,
      "diameter": 1.0,
      "from_node": 13
    },
    "8": {
      "length": 18017.8496012,
      "friction_factor": 0.002183190871781998,
      "pipe_name": "p8",
      "pipe_id": 8,
      "min_pressure": 3000000,
      "max_pressure": 6000000,
      "min_concentration": 0,
      "max_concentration": 0.1,
      "to_node": 9,
      "diameter": 0.6,
      "from_node": 23
    },
    "36": {
      "length": 86690.2655668,
      "friction_factor": 0.0020703759154527684,
      "pipe_name": "p36",
      "pipe_id": 36,
      "min_pressure": 3000000,
      "max_pressure": 6000000,
      "min_concentration": 0,
      "max_concentration": 0.1,
      "to_node": 27,
      "diameter": 0.8,
      "from_node": 26
    },
    "26": {
      "length": 49866.1483875,
      "friction_factor": 0.0020703759154527684,
      "pipe_name": "p26",
      "pipe_id": 26,
      "min_pressure": 3000000,
      "max_pressure": 6000000,
      "min_concentration": 0,
      "max_concentration": 0.1,
      "to_node": 19,
      "diameter": 0.8,
      "from_node": 4
    },
    "17": {
      "length": 19303.1920196,
      "friction_factor": 0.002183190871781998,
      "pipe_name": "p17",
      "pipe_id": 17,
      "min_pressure": 3000000,
      "max_pressure": 6000000,
      "min_concentration": 0,
      "max_concentration": 0.1,
      "to_node": 21,
      "diameter": 0.6,
      "from_node": 36
    },
    "10": {
      "length": 12015.8748344,
      "friction_factor": 0.0023585366114688474,
      "pipe_name": "p10",
      "pipe_id": 10,
      "min_pressure": 3000000,
      "max_pressure": 6000000,
      "min_concentration": 0,
      "max_concentration": 0.1,
      "to_node": 12,
      "diameter": 0.4,
      "from_node": 22
    },
    "19": {
      "length": 18969.412711099998,
      "friction_factor": 0.0019887845904475896,
      "pipe_name": "p19",
      "pipe_id": 19,
      "min_pressure": 3000000,
      "max_pressure": 6000000,
      "min_concentration": 0,
      "max_concentration": 0.1,
      "to_node": 15,
      "diameter": 1.0,
      "from_node": 26
    },
    "37": {
      "length": 16579.3259985,
      "friction_factor": 0.002183190871781998,
      "pipe_name": "p37",
      "pipe_id": 37,
      "min_pressure": 3000000,
      "max_pressure": 6000000,
      "min_concentration": 0,
      "max_concentration": 0.1,
      "to_node": 37,
      "diameter": 0.6,
      "from_node": 27
    },
    "9": {
      "length": 3067.54743994,
      "friction_factor": 0.002183190871781998,
      "pipe_name": "p9",
      "pipe_id": 9,
      "min_pressure": 3000000,
      "max_pressure": 6000000,
      "min_concentration": 0,
      "max_concentration": 0.1,
      "to_node": 22,
      "diameter": 0.6,
      "from_node": 25
    },
    "18": {
      "length": 66036.5946309,
      "friction_factor": 0.002183190871781998,
      "pipe_name": "p18",
      "pipe_id": 18,
      "min_pressure": 3000000,
      "max_pressure": 6000000,
      "min_concentration": 0,
      "max_concentration": 0.1,
      "to_node": 21,
      "diameter": 0.6,
      "from_node": 26
    },
    "30": {
      "length": 26427.4816453,
      "friction_factor": 0.0020703759154527684,
      "pipe_name": "p30",
      "pipe_id": 30,
      "min_pressure": 3000000,
      "max_pressure": 6000000,
      "min_concentration": 0,
      "max_concentration": 0.1,
      "to_node": 19,
      "diameter": 0.8,
      "from_node": 28
    },
    "3": {
      "length": 32868.2025259,
      "friction_factor": 0.0020703759154527684,
      "pipe_name": "p3",
      "pipe_id": 3,
      "min_pressure": 3000000,
      "max_pressure": 6000000,
      "min_concentration": 0,
      "max_concentration": 0.1,
      "to_node": 34,
      "diameter": 0.8,
      "from_node": 18
    }
  },
  "compressors": {
    "4": {
      "comp_id": 4,
      "to_node": 4,
      "comp_name": "c4",
      "from_node": 40,
      "c_min": 1,
      "c_max": 2.0,
      "min_concentration": 0,
      "max_concentration": 0.1,
      "max_power": 6000000,
      "min_flow": 0,
      "max_flow": 160
    },
    "1": {
      "comp_id": 1,
      "to_node": 26,
      "comp_name": "c1",
      "from_node": 6,
      "c_min": 1,
      "c_max": 2.0,
      "min_concentration": 0,
      "max_concentration": 0.1,
      "max_power": 6000000,
      "min_flow": 0,
      "max_flow": 160
    },
    "5": {
      "comp_id": 5,
      "to_node": 7,
      "comp_name": "c5",
      "from_node": 39,
      "c_min": 1,
      "c_max": 2.0,
      "min_concentration": 0,
      "max_concentration": 0.1,
      "max_power": 6000000,
      "min_flow": 0,
      "max_flow": 160
    },
    "2": {
      "comp_id": 2,
      "to_node": 1,
      "comp_name": "c2",
      "from_node": 11,
      "c_min": 1,
      "c_max": 2.0,
      "min_concentration": 0,
      "max_concentration": 0.1,
      "max_power": 6000000,
      "min_flow": 0,
      "max_flow": 160
    },
    "6": {
      "comp_id": 6,
      "to_node": 8,
      "comp_name": "c6",
      "from_node": 31,
      "c_min": 1,
      "c_max": 2.0,
      "min_concentration": 0,
      "max_concentration": 0.1,
      "max_power": 6000000,
      "min_flow": 0,
      "max_flow": 160
    },
    "3": {
      "comp_id": 3,
      "to_node": 2,
      "comp_name": "c3",
      "from_node": 19,
      "c_min": 1,
      "c_max": 2.0,
      "min_concentration": 0,
      "max_concentration": 0.1,
      "max_power": 6000000,
      "min_flow": 0,
      "max_flow": 160
    }
  },
   "delivery":{
        "1": {
            "node_id": 32,
            "node_name": "n32",
            "min_withdrawal": 0,
            "max_withdrawal": 100,
            "min_heat_content": 0,
            "max_heat_content": 5396,
            "h2_bid_price": 15.0,
	          "ng_bid_price": 5.0
        },
        "2": {
            "node_id": 29,
            "node_name": "n29",
            "min_withdrawal": 0,
            "max_withdrawal": 100,
            "min_heat_content": 0,
            "max_heat_content": 5396,
            "h2_bid_price": 15.0,
	          "ng_bid_price": 5.0
        },
        "3": {
            "node_id": 24,
            "node_name": "n24",
            "min_withdrawal": 0,
            "max_withdrawal": 100,
            "min_heat_content": 0,
            "max_heat_content": 5396,
            "h2_bid_price": 15.0,
	          "ng_bid_price": 5.0
        },
        "4": {
            "node_id": 12,
            "node_name": "n12",
            "min_withdrawal": 0,
            "max_withdrawal": 100,
            "min_heat_content": 0,
            "max_heat_content": 5396,
            "h2_bid_price": 15.0,
	          "ng_bid_price": 5.0
        },
        "5": {
            "node_id": 20,
            "node_name": "n20",
            "min_withdrawal": 0,
            "max_withdrawal": 100,
            "min_heat_content": 0,
            "max_heat_content": 5396,
            "h2_bid_price": 15.0,
	          "ng_bid_price": 5.0
        },
        "6": {
            "node_id": 25,
            "node_name": "n25",
            "min_withdrawal": 0,
            "max_withdrawal": 100,
            "min_heat_content": 0,
            "max_heat_content": 5396,
            "h2_bid_price": 15.0,
	          "ng_bid_price": 5.0
        },
        "7": {
            "node_id": 23,
            "node_name": "n23",
            "min_withdrawal": 0,
            "max_withdrawal": 100,
            "min_heat_content": 0,
            "max_heat_content": 5396,
            "h2_bid_price": 15.0,
	          "ng_bid_price": 5.0
        },
        "8": {
            "node_id": 22,
            "node_name": "n22",
            "min_withdrawal": 0,
            "max_withdrawal": 100,
            "min_heat_content": 0,
            "max_heat_content": 5396,
            "h2_bid_price": 15.0,
	          "ng_bid_price": 5.0
        },
        "9": {
            "node_id": 11,
            "node_name": "n11",
            "min_withdrawal": 0,
            "max_withdrawal": 100,
            "min_heat_content": 0,
            "max_heat_content": 5396,
            "h2_bid_price": 15.0,
	          "ng_bid_price": 5.0
        },
        "10": {
            "node_id": 35,
            "node_name": "n35",
            "min_withdrawal": 0,
            "max_withdrawal": 100,
            "min_heat_content": 0,
            "max_heat_content": 5396,
            "h2_bid_price": 15.0,
	          "ng_bid_price": 5.0
        },
        "11": {
            "node_id": 13,
            "node_name": "n13",
            "min_withdrawal": 0,
            "max_withdrawal": 100,
            "min_heat_content": 0,
            "max_heat_content": 5396,
            "h2_bid_price": 15.0,
	          "ng_bid_price": 5.0
        },
        "12": {
            "node_id": 27,
            "node_name": "n27",
            "min_withdrawal": 0,
            "max_withdrawal": 100,
            "min_heat_content": 0,
            "max_heat_content": 5396,
            "h2_bid_price": 15.0,
	          "ng_bid_price": 5.0
        },
        "13": {
            "node_id": 31,
            "node_name": "n31",
            "min_withdrawal": 0,
            "max_withdrawal": 100,
            "min_heat_content": 0,
            "max_heat_content": 5396,
            "h2_bid_price": 15.0,
	          "ng_bid_price": 5.0
        },
        "14": {
            "node_id": 15,
            "node_name": "n15",
            "min_withdrawal": 0,
            "max_withdrawal": 100,
            "min_heat_content": 0,
            "max_heat_content": 5396,
            "h2_bid_price": 15.0,
	          "ng_bid_price": 5.0
        },
        "15": {
            "node_id": 33,
            "node_name": "n33",
            "min_withdrawal": 0,
            "max_withdrawal": 100,
            "min_heat_content": 0,
            "max_heat_content": 5396,
            "h2_bid_price": 15.0,
	          "ng_bid_price": 5.0
        },
        "16": {
            "node_id": 28,
            "node_name": "n28",
            "min_withdrawal": 0,
            "max_withdrawal": 100,
            "min_heat_content": 0,
            "max_heat_content": 5396,
            "h2_bid_price": 15.0,
	          "ng_bid_price": 5.0
        },
        "17": {
            "node_id": 16,
            "node_name": "n16",
            "min_withdrawal": 0,
            "max_withdrawal": 100,
            "min_heat_content": 0,
            "max_heat_content": 5396,
            "h2_bid_price": 15.0,
	          "ng_bid_price": 5.0
        },
        "18": {
            "node_id": 14,
            "node_name": "n14",
            "min_withdrawal": 0,
            "max_withdrawal": 100,
            "min_heat_content": 0,
            "max_heat_content": 5396,
            "h2_bid_price": 15.0,
	          "ng_bid_price": 5.0
        },
        "19": {
            "node_id": 21,
            "node_name": "n21",
            "min_withdrawal": 0,
            "max_withdrawal": 100,
            "min_heat_content": 0,
            "max_heat_content": 5396,
            "h2_bid_price": 15.0,
	          "ng_bid_price": 5.0
        },
        "20": {
            "node_id": 34,
            "node_name": "n34",
            "min_withdrawal": 0,
            "max_withdrawal": 100,
            "min_heat_content": 0,
            "max_heat_content": 5396,
            "h2_bid_price": 15.0,
	          "ng_bid_price": 5.0
        },
        "21": {
            "node_id": 36,
            "node_name": "n36",
            "min_withdrawal": 0,
            "max_withdrawal": 100,
            "min_heat_content": 0,
            "max_heat_content": 5396,
            "h2_bid_price": 15.0,
	          "ng_bid_price": 5.0
        },
        "22": {
            "node_id": 26,
            "node_name": "n26",
            "min_withdrawal": 0,
            "max_withdrawal": 100,
            "min_heat_content": 0,
            "max_heat_content": 5396,
            "h2_bid_price": 15.0,
	          "ng_bid_price": 5.0
        },
        "23": {
            "node_id": 17,
            "node_name": "n17",
            "min_withdrawal": 0,
            "max_withdrawal": 100,
            "min_heat_content": 0,
            "max_heat_content": 5396,
            "h2_bid_price": 15.0,
	          "ng_bid_price": 5.0
        },
        "24": {
            "node_id": 10,
            "node_name": "n10",
            "min_withdrawal": 0,
            "max_withdrawal": 100,
            "min_heat_content": 0,
            "max_heat_content": 5396,
            "h2_bid_price": 15.0,
	          "ng_bid_price": 5.0
        },
        "25": {
            "node_id": 19,
            "node_name": "n19",
            "min_withdrawal": 0,
            "max_withdrawal": 100,
            "min_heat_content": 0,
            "max_heat_content": 5396,
            "h2_bid_price": 15.0,
	          "ng_bid_price": 5.0
        },
        "26": {
            "node_id": 37,
            "node_name": "n37",
            "min_withdrawal": 0,
            "max_withdrawal": 100,
            "min_heat_content": 0,
            "max_heat_content": 5396,
            "h2_bid_price": 15.0,
	          "ng_bid_price": 5.0
        },
        "27": {
            "node_id": 9,
            "node_name": "n9",
            "min_withdrawal": 0,
            "max_withdrawal": 100,
            "min_heat_content": 0,
            "max_heat_content": 5396,
            "h2_bid_price": 15.0,
	          "ng_bid_price": 5.0
        },
        "28": {
            "node_id": 18,
            "node_name": "n18",
            "min_withdrawal": 0,
            "max_withdrawal": 100,
            "min_heat_content": 0,
            "max_heat_content": 5396,
            "h2_bid_price": 15.0,
	          "ng_bid_price": 5.0
        },
        "29": {
            "node_id": 30,
            "node_name": "n30",
            "min_withdrawal": 0,
            "max_withdrawal": 100,
            "min_heat_content": 0,
            "max_heat_content": 5396,
            "h2_bid_price": 15.0,
	          "ng_bid_price": 5.0
        }
  },
  "receipt":{
        "1": {
            "node_id": 38,
            "node_name": "n38",
            "min_injection": 0,
            "max_injection": 1000,
            "concentration": 0.05,
            "h2_offer_price": 8.0,
	    "ng_offer_price": 2.0
        },
	"2": {
            "node_id": 39,
            "node_name": "n39",
            "min_injection": 0,
            "max_injection": 1000,
            "concentration": 0.09772310925412471,
            "h2_offer_price": 8.0,
	    "ng_offer_price": 2.0
        },
	"3": {
            "node_id": 40,
            "node_name": "n40",
            "min_injection": 0,
            "max_injection": 1000,
            "concentration": 0.05486072814001859,
            "h2_offer_price": 8.0,
	    "ng_offer_price": 2.0
        }
    }
}
